video_id,views,likes,comments,like_rate
abc123,1000,200,20,20.0
def456,25400,5040,445,19.84251968503937
ghi789,4200,8040,645,191.42857142857144
